{
  "chart": {
    "title": "Methane emissions",
    "subtitle": "Methane (CH₄) emissions are measured in tonnes of [carbon dioxide-equivalents](#dod:carbondioxideequivalents). Emissions from [fossil fuels, industry](#dod:fossilemissions) and agricultural sources are included.",
    "citation": "Jones et al. (2025)",
    "originalChartUrl": "https://ourworldindata.org/grapher/methane-emissions?v=1&csvType=full&useColumnShortNames=false",
    "selection": [
      "World"
    ]
  },
  "columns": {
    "Annual methane emissions in CO₂ equivalents": {
      "titleShort": "Annual methane emissions including land use",
      "titleLong": "Annual methane emissions including land use",
      "descriptionShort": "Measured in tonnes of [carbon dioxide-equivalents](#dod:carbondioxideequivalents) over a 100-year timescale.",
      "descriptionProcessing": "Methane emissions in tonnes have been converted to carbon-dioxide equivalents over a 100-year timescale using a conversion factor of 29.8 for fossil sources and 27.2 for agricultural and land use sources. These factors are taken from the 6th Assessment Report (AR6) of the Intergovernmental Panel on Climate Change (IPCC).",
      "shortUnit": "t",
      "unit": "tonnes of CO₂ equivalents",
      "timespan": "1850-2024",
      "type": "Numeric",
      "owidVariableId": 1129030,
      "shortName": "annual_emissions_ch4_total_co2eq",
      "lastUpdated": "2025-12-04",
      "nextUpdate": "2026-12-04",
      "citationShort": "Jones et al. (2025) – with major processing by Our World in Data",
      "citationLong": "Jones et al. (2025) – with major processing by Our World in Data. “Annual methane emissions including land use” [dataset]. Jones et al., “National contributions to climate change 2025.1” [original data].",
      "fullMetadata": "https://api.ourworldindata.org/v1/indicators/1129030.metadata.json"
    }
  },
  "dateDownloaded": "2025-12-29",
  "activeFilters": {}
}